Start_time,Depthsum,Depths
2018.05.25,269,14
2018.05.26,2036589,102542
2018.05.27,1458180,73442
2018.05.28,3319303,167058
2018.05.29,6170691,310222
2018.05.30,4440978,222362
2018.05.31,4905239,241577
2018.06.01,9164920,460830
2018.06.02,2785768,140294
2018.06.03,7854083,394312
2018.06.04,6835209,342858
2018.06.05,8196056,410946
2018.06.06,7094940,354736
2018.06.07,5459465,274024
2018.06.08,7622489,393108
2018.06.09,7194430,369874
2018.06.10,6516754,326616
2018.06.11,8513077,426250
2018.06.12,6889227,344800
2018.06.13,7608627,381980
2018.06.14,3749279,188228
2018.06.15,316632,15880
2018.06.16,2593033,130273
2018.06.17,6374012,319768
2018.06.18,4394216,220524
2018.06.19,2513094,130112
2018.06.20,11582,618
2018.06.21,2776399,139512
2018.06.22,4437772,222692
2018.06.23,7842624,392494
2018.06.24,2016602,99956
2018.06.25,3247443,162386
2018.06.26,1412657,71016
2018.06.27,4685733,235339
2018.06.28,3229341,162000
2018.06.29,3116109,156034
2018.06.30,2522184,137216
2018.07.01,4333401,217340
2018.07.02,5897873,295842
2018.07.03,10992159,550770
2018.07.04,4761759,237310
2018.07.05,4451904,222568
2018.07.06,1758244,87912
2018.07.07,2170974,107728
2018.07.08,4833169,240233
2018.07.09,5563145,276730
2018.07.10,685953,34944
2018.07.11,5446888,271358
2018.07.12,3188059,159416
2018.07.13,6769420,337958
2018.07.14,3045589,152552
2018.07.15,540963,27178
2018.07.16,603350,30325
2018.07.17,8682777,435334
2018.07.18,742945,37278
2018.07.19,2295740,114798
2018.07.20,8378675,420936
2018.07.21,8975912,451903
2018.07.22,9069669,455500
2018.07.23,11806391,584845
2018.07.24,6204955,308905
2018.07.25,12763233,642046
2018.07.26,15486354,779090
2018.07.27,22333145,1125598
2018.07.28,7561845,377446
2018.07.29,4503926,224580
2018.07.30,4572177,227738
2018.07.31,2592159,129234
2018.08.01,3780977,187626
2018.08.02,6053260,302538
2018.08.03,4716142,235368
2018.08.04,6544036,326676
2018.08.05,9356611,466980
2018.08.06,6501532,325160
2018.08.07,505611,25308
2018.08.08,7703375,385767
2018.08.09,5030435,250876
2018.08.10,6524251,326956
2018.08.11,5631767,281990
2018.08.12,2953968,146520
2018.08.13,4081885,203596
2018.08.14,5847724,290736
2018.08.15,6356715,315566
2018.08.16,10435099,520054
2018.08.17,5894809,293040
2018.08.18,1310187,64026
2018.08.19,950426,46958
2018.08.20,3351869,165630
2018.08.21,2218892,109780
2018.08.22,1528105,75580
2018.08.23,3065822,151758
2018.08.24,7888402,390230
2018.08.25,6389878,316204
2018.08.26,4652727,230268
2018.08.27,7066506,349854
2018.08.28,1498916,74262
2018.08.29,3633093,179382
2018.08.30,2853699,140954
2018.08.31,3668962,180410
2018.09.01,4972242,245286
2018.09.02,6671627,329636
2018.09.03,4566516,224964
2018.09.04,3843008,188919
2018.09.05,85443,4234
2018.09.06,2227093,110182
2018.09.07,1586975,78056
2018.09.08,8139726,401003
2018.09.09,1577484,76514
2018.09.10,651854,31464
2018.09.11,3753106,185127
2018.09.12,7703419,380034
2018.09.13,3257911,159452
2018.09.14,4818736,237496
2018.09.15,8611066,426103
2018.09.16,5592545,266080
2018.09.17,1152158,52639
2018.09.18,1060371,52166
2018.09.19,745656,37034
2018.09.20,6794177,337132
2018.09.21,4931918,244658
2018.09.22,3111271,154314
2018.09.23,1934704,96176
2018.09.24,1516215,75171
2018.09.25,3834730,190324
2018.09.26,2016409,99884
2018.09.27,1632742,80976
2018.09.28,3674196,180956
2018.09.29,6891834,341118
2018.10.01,15456,778
2018.10.02,6036716,298344
2018.10.03,6009704,300345
2018.10.04,7597437,381717
2018.10.05,10075247,507664
2018.10.06,4754101,239358
2018.10.07,3621186,196762
2018.10.08,4608889,244664
2018.10.09,5154633,254588
2018.10.10,10515363,519132
2018.10.11,4707501,232590
2018.10.12,2122511,105336
2018.10.13,6695618,330606
2018.10.14,4087831,201974
2018.10.15,2284176,112552
2018.10.16,5622935,278418
2018.10.17,6459088,319866
2018.10.18,4289784,212560
2018.10.19,2662234,131696
2018.10.20,4951158,245286
2018.10.21,8726905,432138
2018.10.22,4422878,219054
2018.10.23,7910921,391659
2018.10.24,5877649,291075
2018.10.25,4918578,243356
2018.10.26,8700844,432422
2018.10.27,6755291,341898
2018.10.28,10547860,535829
2018.10.29,3535164,179430
2018.10.30,8400858,426013
2018.10.31,6959510,353158
2018.11.01,8591090,435408
2018.11.02,5094005,251020
2018.11.03,8190524,398004
2018.11.04,5054714,247225
2018.11.05,1875120,91252
2018.11.06,4284042,208275
2018.11.07,6542149,317846
2018.11.08,4735817,230368
2018.11.09,7914864,391130
2018.11.10,3759898,187042
2018.11.11,7315732,364089
2018.11.12,7497693,374242
2018.11.13,8013013,399548
2018.11.14,6674431,332381
2018.11.15,6063519,302174
2018.11.16,5284141,263416
2018.11.17,6384823,318072
2018.11.18,6924751,344944
2018.11.19,2755848,136913
2018.11.20,7951328,397414
2018.11.21,5133509,256419
2018.11.22,3693739,183496
2018.11.23,2803701,140000
2018.11.24,3955433,197462
2018.11.25,5984735,298405
2018.11.26,2009817,100186
2018.11.27,1813859,89494
2018.11.28,4040362,200247
2018.11.29,1516221,75228
2018.11.30,6325497,312260
2018.12.01,6624080,327730
2018.12.02,3585043,176057
2018.12.03,2195975,107622
2018.12.04,4644837,227499
2018.12.05,2966690,145258
2018.12.06,2687216,130638
2018.12.07,2356557,114366
2018.12.08,2129761,104013
2018.12.09,1850030,90118
2018.12.11,37,2
2018.12.14,170,8
2018.12.15,1212,60
2019.01.11,4229,204
2019.01.20,1057,52
2019.01.23,152,6
2019.01.25,313,16
2019.01.26,571,28
2019.01.30,1853,92
2019.01.31,1034,50
2019.02.01,1908,94
2019.02.09,2259,112
2019.02.27,2038,100
2019.03.02,1308,64
2019.03.03,1231,60
2019.03.04,440,22
2019.03.07,1037,52
2019.03.08,749,38
2019.03.12,2365,116
2019.03.20,1653,80
2019.03.21,1671,82
2019.03.22,1065,46
2019.03.23,368,16
2019.04.02,1505,74
2019.04.03,84,4
2019.04.04,136,6
2019.04.07,1730,86
2019.04.08,3126,128
2019.04.09,2364,102
2019.04.10,278,12
2019.04.14,1536,66
2019.04.16,421,20
2019.04.20,356,18
2019.04.21,3067,152
2019.04.22,1319,60
2019.04.23,517,26
2019.04.25,44,2
2019.04.26,1691,82
2019.05.07,1561,76
2019.05.08,1321,64
2019.05.13,689,34
2019.05.17,1110,54
2019.05.20,1697,84
2019.05.23,2755,136
2019.05.25,250,12
2019.05.29,1554,76
2019.05.30,1678,83
2019.06.02,2271,112
2019.06.06,2151,100
2019.06.09,1602,76
2019.06.23,822,40
2019.07.13,3122,159
2019.07.15,304,14
2019.07.23,40,2
2019.07.24,3936,190
2019.07.27,2009,100
2019.08.03,2015,89
2019.08.05,1238,58
2019.08.07,1750,88
2019.08.09,592,30
2019.11.07,167548,8331
2019.11.08,1831422,90349
2019.11.09,1713690,84482
2019.11.10,1746772,86183
2019.11.11,4525283,220899
2019.11.12,5285932,260750
2019.11.13,7609938,374769
2019.11.14,5461312,269120
2019.11.15,4100837,201439
2019.11.16,5270117,259877
2019.11.17,2598742,128308
2019.11.18,4967459,245136
2019.11.19,6928412,342358
2019.11.20,4795193,237237
2019.11.21,781890,38705
2019.11.22,5327133,263477
2019.11.23,8538217,419631
2019.11.24,5435992,268009
2019.11.25,4653939,229613
2019.11.26,6389796,314966
2019.11.27,8638344,425931
2019.11.28,12819151,632060
2019.11.29,10837179,534112
2019.11.30,12762908,628896
2019.12.01,11861798,584358
2019.12.02,10369948,505231
2019.12.03,13122371,645076
2019.12.04,8152024,402500
2019.12.05,9540940,470998
2019.12.06,9073394,448054
2019.12.07,3941444,194660
2019.12.08,7903881,390280
2019.12.09,11096694,548255
2019.12.10,6672191,329042
2019.12.11,2587881,127715
2019.12.12,5493363,271775
2019.12.13,4564443,225572
2019.12.14,8929559,441083
2019.12.15,10283489,506470
2019.12.16,7789774,384023
2019.12.17,2587159,127286
2019.12.18,1628526,78180
2019.12.19,3842747,187797
2019.12.20,4635633,223691
2019.12.21,834485,36383
2019.12.22,3221853,156214
2019.12.23,3774657,184357
2019.12.24,1631142,77463
2019.12.25,3675990,178157
2019.12.26,4777837,229713
2019.12.27,3931243,189958
2019.12.28,10882602,526927
2019.12.29,11529346,556417
2019.12.30,9344281,449990
2019.12.31,4628639,221404
2020.01.01,10586409,510086
2020.01.02,9379230,452379
2020.01.03,7736286,373436
2020.01.04,4802703,231342
2020.01.05,2983630,143426
2020.01.06,1716409,82120
2020.01.07,2711152,129918
2020.01.08,1818089,86968
2020.01.09,4894604,231237
2020.01.10,7198858,331854
2020.01.11,5258377,246082
2020.01.12,9733824,454047
2020.01.13,9799327,464409
2020.01.14,2745988,130138
2020.01.15,8035644,379070
2020.01.16,1135716,53984
2020.01.17,4855153,229911
2020.01.18,4313058,203436
2020.01.19,3934228,186150
2020.01.20,6155438,290690
2020.01.21,5079167,239926
2020.01.22,6711831,316444
2020.01.23,5827093,274954
2020.01.24,7357025,346546
2020.01.25,6655495,313391
2020.01.26,10347477,487288
2020.01.27,2153155,101360
2020.01.28,10339484,486157
2020.01.29,12575195,590947
2020.01.30,20142368,944216
2020.01.31,34096916,1601959
2020.02.01,7406819,349036
2020.02.02,8846785,417635
2020.02.03,7171053,338054
2020.02.04,8622107,406281
2020.02.05,4307888,203016
2020.02.06,6136628,289180
2020.02.07,2307320,108664
2020.02.08,2909164,136488
2020.02.09,9440128,439278
2020.02.10,8957017,419090
2020.02.11,7108906,333224
2020.02.12,11148133,522148
2020.02.13,9318083,436936
2020.02.14,5739985,268966
2020.02.15,6481447,303943
2020.02.16,3319378,155787
2020.02.17,2096628,98405
2020.02.18,7916866,371920
2020.02.19,4594096,215988
2020.02.20,8149631,383272
2020.02.21,5781870,272296
2020.02.22,9751751,459211
2020.02.23,6509243,306350
2020.02.24,7346456,345886
2020.02.25,8164351,383802
2020.02.26,3393610,159292
2020.02.27,7967026,375227
2020.02.28,7338973,345505
2020.02.29,7519234,353904
2020.03.01,7989810,376041
2020.03.02,8485588,399435
2020.03.03,3649564,171929
2020.03.04,6635763,312204
2020.03.05,9365559,441050
2020.03.06,8299779,391152
2020.03.07,5090462,240064
2020.03.08,3012302,141884
2020.03.09,6600505,310829
2020.03.10,4844286,213842
2020.03.11,3883927,182985
2020.03.12,2309793,108640
2020.03.13,2033675,95772
2020.03.14,4250683,199930
2020.03.15,5557322,261636
2020.03.16,7878235,370770
2020.03.17,9014322,423917
2020.03.18,7218731,338430
2020.03.19,8084135,378592
2020.03.20,4469511,209034
2020.03.21,9496516,443605
2020.03.22,7321583,341125
2020.03.23,7843331,365490
2020.03.24,7599894,354255
2020.03.25,9793532,456481
2020.03.26,11415024,532140
2020.03.27,14295394,665157
2020.03.28,19116913,892838
2020.03.29,11724002,548196
2020.03.30,11675467,546557
2020.03.31,12687910,594087
2020.04.01,8653481,405578
2020.04.02,8076723,378290
2020.04.03,8449994,395751
2020.04.04,4576970,214334
2020.04.05,3726048,174057
2020.04.06,3688346,173054
2020.04.07,6080013,284413
2020.04.08,23625122,1096599
2020.04.09,21931187,1018904
2020.04.10,21703936,1006742
2020.04.11,7116238,331256
2020.04.12,14870515,692910
2020.04.13,13391357,623225
2020.04.14,7838255,366506
2020.04.15,31196147,1453892
2020.04.16,27684610,1288066
2020.04.17,28617771,1329381
2020.04.18,15561743,722522
2020.04.19,3189679,147368
2020.04.20,7955915,367910
2020.04.21,8203951,378628
2020.04.22,9464879,438104
2020.04.23,12636184,581098
2020.04.24,19033140,875886
2020.04.25,7142154,329906
2020.04.26,17105649,790626
2020.04.27,6857212,318065
2020.04.28,15852406,733810
2020.04.29,14809205,682915
2020.04.30,13312381,615226
2020.05.01,24061380,1109478
2020.05.02,20628820,952282
2020.05.03,40499117,1868832
2020.05.04,4643601,215526
2020.05.05,43181568,1987773
2020.05.06,57617335,2654324
2020.05.07,11369131,532366
2020.05.08,15635239,720364
2020.05.09,3527510,163727
2020.05.10,2027801,94032
2020.05.11,1560191,72194
2020.05.12,11375300,525455
2020.05.13,6115568,286996
2020.05.14,8670713,402786
2020.05.15,10153221,480958
2020.05.16,7928955,382030
2020.05.17,8924868,428928
2020.05.18,5618178,269356
2020.05.19,8619812,413412
2020.05.20,10956813,523572
2020.05.21,6751553,320348
2020.05.22,10918273,515874
2020.05.23,30699409,1453534
2020.05.24,21716051,1028441
2020.05.25,6839213,325102
2020.05.26,5284370,250540
2020.05.27,7883921,374123
2020.05.28,12013096,569546
2020.05.29,8756200,415648
2020.05.30,11566991,549283
2020.05.31,10910911,518149
2020.06.01,10614140,505293
2020.06.02,7780627,370624
2020.06.03,9672533,460334
2020.06.04,14804377,705223
2020.06.05,11028771,525314
2020.06.06,8356603,397380
2020.06.07,2446062,116376
2020.06.08,13002552,618768
2020.06.09,5111248,240726
2020.06.10,3491752,164645
2020.06.11,6514426,310225
2020.06.12,12936977,615007
2020.06.13,43321048,2046681
2020.06.14,33890531,1584532
2020.06.15,11064045,518265
2020.06.16,8488780,395560
2020.06.17,67626348,3136109
2020.06.18,36647457,1700472
2020.06.19,8938328,417260
2020.06.20,7987054,372822
2020.06.21,6955200,324649
2020.06.22,10607482,495179
2020.06.23,10646088,497642
2020.06.24,6526379,305147
2020.06.25,9148543,427401
2020.06.26,9379140,438849
2020.06.27,8444119,395000
2020.06.28,116804536,5427666
2020.06.29,13219897,615231
2020.06.30,8416399,391410
2020.07.01,8106171,377251
2020.07.02,5290487,247242
2020.07.03,5631501,262636
2020.07.04,6793086,316308
2020.07.05,4488661,208891
2020.07.06,4083620,190025
2020.07.07,5068901,236102
2020.07.08,7278511,338931
2020.07.09,4223062,196660
2020.07.10,5335113,248577
2020.07.11,2801216,130666
2020.07.12,8867297,412423
2020.07.13,5008330,232976
2020.07.14,11477731,534057
2020.07.15,5864246,271534
2020.07.16,8329122,385424
2020.07.17,8194773,380694
2020.07.18,1738011,80622
2020.07.19,8261786,383570
2020.07.20,4999404,230800
2020.07.21,2510556,116464
2020.07.22,5735475,266219
2020.07.23,7548535,349919
2020.07.24,2774140,128528
2020.07.25,1919672,88995
2020.07.26,5556247,257714
2020.07.27,6138216,284527
2020.07.28,5183373,240439
2020.07.29,2626395,121827
2020.07.30,6726096,312151
2020.07.31,5813975,269912
2020.08.01,8294582,384262
2020.08.02,10056223,465731
2020.08.03,11725784,543334
2020.08.04,10086112,466704
2020.08.05,8887491,409819
2020.08.06,8945966,414293
2020.08.07,7703903,363431
2020.08.08,14901604,735308
2020.08.09,12845176,630557
2020.08.10,47901544,2317328
2020.08.11,6809271,326258
2020.08.12,10124927,475272
2020.08.13,11209337,524320
2020.08.14,9979456,465344
2020.08.15,14030902,642714
2020.08.16,6573712,304403
2020.08.17,6939481,320382
2020.08.18,6361420,290994
2020.08.19,8246303,377624
2020.08.20,10674379,489729
2020.08.21,10380950,474500
2020.08.22,14103640,647763
2020.08.23,12496402,575185
2020.08.24,11438677,525960
2020.08.25,11360901,518949
2020.08.26,15324654,700076
2020.08.27,10506950,480890
2020.08.28,8604519,397066
2020.08.29,13426213,620501
2020.08.30,10529797,487779
2020.08.31,11647380,539112
2020.09.01,10162006,469663
2020.09.02,11983089,553670
2020.09.03,6772988,312762
2020.09.04,9567963,442329
2020.09.05,7180140,340272
2020.09.06,13432546,632000
2020.09.07,9784625,462646
2020.09.08,7781388,366282
2020.09.09,10274721,486895
2020.09.10,14255057,675536
2020.09.11,11379186,538437
2020.09.12,12422608,591673
2020.09.13,11652039,548094
2020.09.14,13230893,621072
2020.09.15,10024541,471709
2020.09.16,23921326,1127748
2020.09.17,18056988,860256
2020.09.18,6284254,295364
2020.09.19,10851802,506973
2020.09.20,8130173,379670
2020.09.21,11626972,538827
2020.09.22,16491827,759623
2020.09.23,5027823,230794
2020.09.24,6690840,310388
2020.09.25,4683595,216524
2020.09.26,28730224,1334273
2020.09.27,16245935,753287
2020.09.28,11234119,525180
2020.09.29,32729236,1513591
2020.09.30,2727031,125407
2020.10.01,9111059,422540
2020.10.02,3401280,157772
2020.10.03,850663,38966
2020.10.04,1570673,71782
2020.10.05,6367163,296282
2020.10.06,4088397,190508
2020.10.07,5298902,244733
2020.10.08,12608889,583264
2020.10.09,9621925,446281
2020.10.10,11673148,539612
2020.10.11,11739315,540744
2020.10.12,13654257,632760
2020.10.13,11807705,548730
2020.10.14,20044262,928228
2020.10.15,19989952,923266
2020.10.16,17142682,792822
2020.10.17,11448568,529268
2020.10.18,9725275,448709
2020.10.19,11287630,519035
2020.10.20,12761578,584880
2020.10.21,13681759,630312
2020.10.22,9324262,426066
2020.10.23,14332559,653910
2020.10.24,10292950,470077
2020.10.25,2782010,127107
2020.10.26,6220924,285999
2020.10.27,5153226,235365
2020.10.28,5753028,265318
2020.10.29,3895528,178750
2020.10.30,6468337,297420
2020.10.31,10000096,460244
2020.11.01,11345751,523207
2020.11.02,1591926,73586
2020.11.03,2486124,114889
2020.11.04,5067484,235182
2020.11.05,3382205,154870
2020.11.06,5314233,242965
2020.11.07,7290244,335663
2020.11.08,6283506,288144
2020.11.09,13602444,622990
2020.11.10,12512075,570145
2020.11.11,12193191,551246
2020.11.12,11044203,496421
2020.11.13,15689549,705014
2020.11.14,7557057,338738
2020.11.15,8263609,369755
2020.11.16,4287289,191814
2020.11.17,2748893,123496
2020.11.18,5715134,257395
2020.11.19,11228029,506153
2020.11.20,6885511,309880
2020.11.21,9395613,422167
2020.11.22,14709527,657025
2020.11.23,16927924,752789
2020.11.24,19339143,870820
2020.11.25,19853409,889090
2020.11.26,19517721,865485
2020.11.27,13647867,609902
2020.11.28,19291526,864248
2020.11.29,19840857,888984
2020.11.30,11522038,513686
2020.12.01,16271372,729016
2020.12.02,11904614,535727
2020.12.03,9704792,436250
2020.12.04,10305410,462814
2020.12.05,11001351,493936
2020.12.06,7728012,348706
2020.12.07,8673344,392656
2020.12.08,10486102,476755
2020.12.09,6767676,304382
2020.12.10,12162822,551048
2020.12.11,8327540,377368
2020.12.12,8293773,376054
2020.12.13,8301891,375692
2020.12.14,8172945,365463
2020.12.15,8556939,379478
2020.12.16,12428506,551543
2020.12.17,11100494,491217
2020.12.18,21208502,938084
2020.12.19,13334052,590340
2020.12.20,14909667,654758
2020.12.21,12197405,530087
2020.12.22,21557642,947055
2020.12.23,17315324,762383
2020.12.24,12029242,532956
2020.12.25,6443636,286063
2020.12.26,4399569,194057
2020.12.27,16035039,706901
2020.12.28,11007454,484590
2020.12.29,23721432,1042112
2020.12.30,23038017,1013022
2020.12.31,19004978,840001
2021.01.01,9432109,415777
2021.01.02,8612412,381263
2021.01.03,6845357,302156
2021.01.04,8257252,364798
2021.01.05,9381157,419424
2021.01.06,10362438,462601
2021.01.07,19466726,867898
2021.01.08,22105995,987504
2021.01.09,22998131,1024901
2021.01.10,22122070,988928
2021.01.11,14793523,657282
2021.01.12,20554773,905171
2021.01.13,22080378,976803
2021.01.14,21005754,930713
2021.01.15,29506659,1293454
2021.01.16,8195329,363600
2021.01.17,8853183,390397
2021.01.18,15118348,669128
2021.01.19,11579387,510838
2021.01.20,15748806,698086
2021.01.21,13442005,594373
2021.01.22,13576910,603363
2021.01.23,13255007,587388
2021.01.24,22149671,994221
2021.01.25,22480634,1002893
2021.01.26,19687129,874807
2021.01.27,20953314,939112
2021.01.28,9869800,442426
2021.01.29,13074093,581023
2021.01.30,8939381,398613
2021.01.31,10851973,480922
2021.02.01,10509911,463764
2021.02.02,18504697,819658
2021.02.03,15047432,668579
2021.02.04,8655652,383574
2021.02.05,19098718,843571
2021.02.06,15436967,683460
2021.02.07,19244724,847218
2021.02.08,19048873,832824
2021.02.09,15299558,670777
2021.02.10,10892254,478178
2021.02.11,20880464,917909
2021.02.12,14859343,655441
2021.02.13,12834136,558856
2021.02.14,10157285,444564
2021.02.15,14544574,639441
2021.02.16,10162766,444154
2021.02.17,15680899,677714
2021.02.18,13060556,572547
2021.02.19,10059116,439551
2021.02.20,4407918,191812
2021.02.21,10019266,437865
2021.02.22,14004334,618709
2021.02.23,20022558,879253
2021.02.24,10151806,447575
2021.02.25,11349519,500212
2021.02.26,19572723,865680
2021.02.27,8603887,380891
2021.02.28,11346918,508779
2021.03.01,14062356,622364
2021.03.02,3343076,150139
2021.03.03,6129241,274536
2021.03.04,5650654,253458
2021.03.05,5323445,238112
2021.03.06,9450817,411013
2021.03.07,4674921,210381
2021.03.08,7305171,329265
2021.03.09,12849395,579789
2021.03.10,10276365,463023
2021.03.11,12183852,546979
2021.03.12,9742887,439612
2021.03.13,18629586,840320
2021.03.14,16714082,753587
2021.03.15,17447351,787526
2021.03.16,8486656,382143
2021.03.17,6635473,295403
2021.03.18,3979649,165566
2021.03.19,5799023,247755
2021.03.20,7358536,316826
2021.03.21,7759090,344424
2021.03.22,18076062,808399
2021.03.23,10423079,466217
2021.03.24,5526822,247376
2021.03.25,13974845,620363
2021.03.26,16426909,736737
2021.03.27,16500247,739674
2021.03.28,15680730,702965
2021.03.29,18709812,839849
2021.03.30,23464115,1051358
2021.03.31,18849232,845641
2021.04.01,23084633,1040097
2021.04.02,17407782,781737
2021.04.03,22209204,1001432
2021.04.04,21704230,976813
2021.04.05,20965684,942977
2021.04.06,23703583,1067510
2021.04.07,18169780,817214
2021.04.08,19604237,877854
2021.04.09,20907794,935576
2021.04.10,19557851,874133
2021.04.11,28089230,1255853
2021.04.12,20600762,920578
2021.04.13,22409748,987646
2021.04.14,22662050,1011926
2021.04.15,19633710,879045
2021.04.16,9312008,410618
2021.04.17,4746376,212158
2021.04.18,12074503,539024
2021.04.19,9444050,422293
2021.04.20,8624423,389418
2021.04.21,5015942,223825
2021.04.22,8367095,369537
2021.04.23,10762272,479703
2021.04.24,7415771,331525
2021.04.25,14673127,656116
2021.04.26,5028866,224832
2021.04.27,1784902,79624
2021.04.28,8325252,371004
2021.04.29,5750506,256484
2021.04.30,10518794,470653
2021.05.01,7029605,314374
2021.05.02,13264287,591467
2021.05.03,15097958,673556
2021.05.04,15157910,671643
2021.05.05,24699204,1095333
2021.05.06,19079934,849903
2021.05.07,17095769,763277
2021.05.08,6994735,313875
2021.05.09,7519498,338852
2021.05.10,10070137,453398
2021.05.11,11037613,491922
2021.05.12,12205478,544542
2021.05.13,28350633,1254751
2021.05.14,25798426,1138457
2021.05.15,31300113,1385809
2021.05.16,19917918,883896
2021.05.17,23487058,1050499
2021.05.18,31114258,1370895
2021.05.19,17680431,792630
2021.05.20,12428232,559967
2021.05.21,17984983,802449
2021.05.22,19237888,861431
2021.05.23,21940125,979494
2021.05.24,27716713,1221932
2021.05.25,13130620,584290
2021.05.26,19563734,881570
2021.05.27,14271106,643734
2021.05.28,8773037,393430
2021.05.29,12481165,558358
2021.05.30,12146627,544031
2021.05.31,19310039,873063
2021.06.01,10227072,460798
2021.06.02,12358831,558171
2021.06.03,15075913,678834
2021.06.04,19035954,847240
2021.06.05,30265654,1346372
2021.06.06,23676038,1050952
2021.06.07,15291954,686953
2021.06.08,15409852,695304
2021.06.09,17857488,808218
2021.06.10,16455617,743145
2021.06.11,15389456,695319
2021.06.12,19156541,861814
2021.06.13,24814142,1114074
2021.06.14,20192023,899796
2021.06.15,29142275,1296901
2021.06.16,22867817,1020694
2021.06.17,19351959,861717
2021.06.18,18382265,818717
2021.06.19,23270444,1031969
2021.06.20,18525306,817810
2021.06.21,26338561,1167099
2021.06.22,18039990,795222
2021.06.23,20592878,913503
2021.06.24,15013241,667208
2021.06.25,17314802,770896
2021.06.26,30109885,1340840
2021.06.27,33160879,1476907
2021.06.28,22162310,991817
2021.06.29,9477917,425110
2021.06.30,9106095,406119
2021.07.01,10746364,479513
2021.07.02,11466071,520081
2021.07.03,7236686,328897
2021.07.04,4201759,187925
2021.07.05,5235285,235211
2021.07.06,7131509,319724
2021.07.07,6193033,278983
2021.07.08,10815338,485504
2021.07.09,5493807,246142
2021.07.10,8095560,363684
2021.07.11,12323696,552078
2021.07.12,19402115,874255
2021.07.13,12628884,568632
2021.07.14,13861335,619106
2021.07.15,12326146,548829
2021.07.16,9660270,431605
2021.07.17,10144790,453435
2021.07.18,11509577,514183
2021.07.19,12501683,557019
2021.07.20,15086923,673392
2021.07.21,15638976,697896
2021.07.22,14061890,628265
2021.07.23,17784938,794752
2021.07.24,10790111,482218
2021.07.25,18581497,825063
2021.07.26,15147435,671312
2021.07.27,10380162,458820
2021.07.28,11031346,490264
2021.07.29,10397314,462031
2021.07.30,19541787,873747
2021.07.31,17550082,788017
2021.08.01,12974900,589421
2021.08.02,14364662,652859
2021.08.03,13656529,619109
2021.08.04,18077305,819190
2021.08.05,15525854,703981
2021.08.06,10637950,482100
2021.08.07,14374297,649622
2021.08.08,19478746,880490
2021.08.09,23160349,1047107
2021.08.10,8034214,361979
2021.08.11,18601502,838855
2021.08.12,29093848,1315005
2021.08.13,23608730,1067502
2021.08.14,15893489,717316
2021.08.15,20202789,917244
2021.08.16,23184915,1067693
2021.08.17,24179430,1104146
2021.08.18,18609600,855128
2021.08.19,14364553,658421
2021.08.20,22061389,1012843
2021.08.21,21501903,984912
2021.08.22,12787690,601252
2021.08.23,18244782,881443
2021.08.24,16636435,804579
2021.08.25,17859146,859695
2021.08.26,14693407,707021
2021.08.27,13314976,639544
2021.08.28,8347712,396834
2021.08.29,8302936,401486
2021.08.30,16620149,798746
2021.08.31,19726852,937064
2021.09.01,13776310,648476
2021.09.02,11313270,540910
2021.09.03,8299698,396812
2021.09.04,5668448,273008
2021.09.05,18343129,878067
2021.09.06,12181430,576535
2021.09.07,12634787,613748
2021.09.08,5552001,273744
2021.09.09,9494670,464988
2021.09.10,15753195,769374
2021.09.11,14166703,693436
2021.09.12,14581135,717804
2021.09.13,4363345,219844
2021.09.14,9911303,489377
2021.09.15,9858635,485817
2021.09.16,11238999,552832
2021.09.17,15918875,785573
2021.09.18,13795582,673542
2021.09.19,14882298,724866
2021.09.20,16474690,795810
2021.09.21,13041670,628462
2021.09.22,11264404,539234
2021.09.23,8392029,399349
2021.09.24,17023117,811348
2021.09.25,20368271,962259
2021.09.26,13439896,640273
2021.09.27,7252280,351167
2021.09.28,14914051,711600
2021.09.29,15360474,732767
2021.09.30,19358712,918626
2021.10.01,15563363,743154
2021.10.02,5801365,279354
2021.10.03,7735575,370268
2021.10.04,7914824,376919
2021.10.05,8619028,409836
2021.10.06,5173236,243153
2021.10.07,7272474,339656
2021.10.08,15266408,727834
2021.10.09,13005094,621044
2021.10.10,10503451,506844
2021.10.11,9431218,452182
2021.10.12,11829686,565197
2021.10.13,14699494,701498
2021.10.14,16347083,762595
2021.10.15,14886583,688119
2021.10.17,705601,32276
2021.10.18,16989722,787118
2021.10.19,22618824,1053404
2021.10.20,18729360,885141
2021.10.21,14004084,673660
2021.10.22,16400343,790963
2021.10.23,12441015,604317
2021.10.24,14278966,684282
2021.10.25,14614886,678860
2021.10.26,14520717,679359
2021.10.27,11137126,525349
2021.10.28,12106491,570463
2021.10.29,15654472,735079
2021.10.30,16670272,783739
2021.10.31,11678022,551781
2021.11.01,13890504,650607
2021.11.02,13574426,639180
2021.11.03,18059535,845832
2021.11.04,16184183,762786
2021.11.05,15409941,725575
2021.11.06,11952254,554255
2021.11.07,16065789,751359
2021.11.08,16214862,760643
2021.11.09,14002335,657996
2021.11.10,14242543,670294
2021.11.11,12787450,602748
2021.11.12,15510982,728106
2021.11.13,12964087,606406
2021.11.14,10723332,502615
2021.11.15,5585380,262252
2021.11.16,7456087,351650
2021.11.17,1694142,81210
2021.11.18,5674627,266466
2021.11.19,15942332,748033
2021.11.20,9381015,442655
2021.11.21,11152069,525101
2021.11.22,9600665,453590
2021.11.23,13283249,619202
2021.11.24,15072910,696804
2021.11.25,10290235,480999
2021.11.26,364862,17458
2021.11.27,7452342,348278
2021.11.28,13903994,640495
2021.11.29,9811644,449162
2021.11.30,9052902,419360
2021.12.01,13034331,601165
2021.12.02,21005204,969472
2021.12.03,24805042,1146102
2021.12.04,21858862,1006145
2021.12.05,16791209,772848
2021.12.06,11558399,532516
2021.12.07,14086195,641688
2021.12.08,13565086,614366
2021.12.09,34323137,1565837
2021.12.10,25246113,1152348
2021.12.11,6158728,282751
2021.12.12,22397157,1024799
2021.12.13,26644043,1210747
2021.12.14,10816158,484370
2021.12.15,24461079,1115406
2021.12.16,18710653,859923
2021.12.17,11878641,547586
2021.12.18,17852070,814199
2021.12.19,17087777,780267
2021.12.20,13069631,600082
2021.12.21,22111631,1007034
2021.12.22,22688742,1020254
2021.12.23,15035899,678537
2021.12.24,15813007,719523
2021.12.25,12540438,566785
2021.12.26,15190828,685165
2021.12.27,13003759,589585
2021.12.28,20642681,931716
2021.12.29,20100224,906439
2021.12.30,18152740,816622
2021.12.31,14843241,670500
2022.01.01,17610563,792467
2022.01.02,10405637,472629
2022.01.03,8445091,386766
2022.01.04,16337433,747033
2022.01.05,9701848,447036
2022.01.06,14319295,657470
2022.01.07,16250711,744335
2022.01.08,16163568,740025
2022.01.09,15022649,688527
2022.01.10,12934301,591398
2022.01.11,9401972,425297
2022.01.12,14423721,657026
2022.01.13,15613534,710710
2022.01.14,15018343,678261
2022.01.15,17310617,787276
2022.01.16,18057022,820271
2022.01.17,18968301,861976
2022.01.18,17629698,802234
2022.01.19,20510107,930177
2022.01.20,20500415,927977
2022.01.21,21240309,960939
2022.01.22,21440710,969096
2022.01.23,27719059,1255910
2022.01.24,20946829,948779
2022.01.25,19549197,886509
2022.01.26,11133804,507187
2022.01.27,14846139,671182
2022.01.28,17286354,779525
2022.01.29,11258471,502982
2022.01.30,13710440,618379
2022.01.31,12221684,554807
2022.02.01,18699499,843191
2022.02.02,21068485,943394
2022.02.03,16100350,722561
2022.02.04,10349885,463176
2022.02.05,6608381,296123
2022.02.06,16220903,727460
2022.02.07,12294294,555966
2022.02.08,15530794,705474
2022.02.09,16607915,744058
2022.02.10,17929200,797447
2022.02.11,5767081,251443
2022.02.12,7907295,349255
2022.02.13,9490229,405832
2022.02.14,13846160,592762
2022.02.15,3169448,134819
2022.02.16,6163877,263536
2022.02.17,11410932,489535
2022.02.18,8644014,378229
2022.02.19,12571019,541229
2022.02.20,15223845,651352
2022.02.21,15292875,672921
2022.02.22,19847474,877484
2022.02.23,13368079,590222
2022.02.24,13193589,582004
2022.02.25,13162640,580074
2022.02.26,12126149,536017
2022.02.27,13163432,580987
2022.02.28,17503623,774019
2022.03.01,17803660,789124
2022.03.02,15686969,696265
2022.03.03,3923602,165195
2022.03.04,14685405,634089
2022.03.05,20592301,909624
2022.03.06,26526569,1177379
2022.03.07,28955877,1280825
2022.03.08,12965630,575802
2022.03.09,13568914,598955
2022.03.10,30689853,1354137
2022.03.11,29494193,1300941
2022.03.12,27076092,1194319
2022.03.13,19195523,844281
2022.03.14,11749176,519316
2022.03.15,12113613,552215
2022.03.16,12458280,559460
2022.03.17,12606754,566124
2022.03.18,15811773,703049
2022.03.19,17127213,757976
2022.03.20,15651187,686347
2022.03.21,9783324,432540
2022.03.22,14021954,624741
2022.03.23,13229524,594737
2022.03.24,16086222,707037
2022.03.25,12209199,536648
2022.03.26,14259889,633248
2022.03.27,13557031,603081
2022.03.28,15774430,701383
2022.03.29,14803868,655319
2022.03.30,12560842,556827
2022.03.31,13798779,610282
2022.04.01,18243252,805712
2022.04.02,19203717,850265
2022.04.03,18688322,827767
2022.04.04,16352951,725313
2022.04.05,16388359,727468
2022.04.06,12777021,566188
2022.04.07,17820580,789504
2022.04.08,20370704,902587
2022.04.09,20770850,920722
2022.04.10,19767161,875732
2022.04.11,15658715,693676
2022.04.12,16396036,724875
2022.04.13,16166025,713975
2022.04.14,15916083,702389
2022.04.15,15622925,689793
2022.04.16,16788111,741333
2022.04.17,19170157,847333
2022.04.18,16381288,721663
2022.04.19,20781396,927271
2022.04.20,16926517,753341
2022.04.21,14192822,627402
2022.04.22,10981188,484897
2022.04.23,11272850,499820
2022.04.24,9617780,426272
2022.04.25,16491857,729804
2022.04.26,18804597,833874
2022.04.27,15206196,678562
2022.04.28,17400993,781695
2022.04.29,10785356,482294
2022.04.30,13204387,586984
2022.05.01,20992099,930366
2022.05.02,19361967,863454
2022.05.03,14775431,658852
2022.05.04,2153823,95455
2022.05.05,4872087,213992
2022.05.06,8489465,371481
2022.05.07,6650306,291749
2022.05.08,5070081,222272
2022.05.09,10990801,482122
2022.05.10,11171048,492204
2022.05.11,10890098,478218
2022.05.12,12422120,542912
2022.05.13,15299584,669500
2022.05.14,19670809,858112
2022.05.15,32047537,1398035
2022.05.16,20279597,889099
2022.05.17,17548028,771756
2022.05.18,25216150,1103044
2022.05.19,22050521,965888
2022.05.20,21114644,928850
2022.05.21,17899759,789128
2022.05.22,16038461,706091
2022.05.23,24921121,1093203
2022.05.24,12809860,563950
2022.05.25,18564645,817719
2022.05.26,23606369,1036021
2022.05.27,20578823,904302
2022.05.28,14565538,637694
2022.05.29,17869052,783750
2022.05.30,8830828,390264
2022.05.31,22770982,1001198
2022.06.01,21041384,922443
2022.06.02,24551788,1072983
2022.06.03,21107465,918929
2022.06.04,14163007,621642
2022.06.05,14493028,634291
2022.06.06,11518969,506634
2022.06.07,16439875,720223
2022.06.08,15496489,676197
2022.06.09,19307909,835056
2022.06.10,17791712,769226
2022.06.11,22328872,964590
2022.06.12,18429577,795463
2022.06.13,11289262,489102
2022.06.14,7272467,313336
2022.06.15,5683262,246386
2022.06.16,10801164,459034
2022.06.17,18243852,785206
2022.06.18,17441402,751660
2022.06.19,22782742,980338
2022.06.20,20747333,893282
2022.06.21,18648300,804099
2022.06.22,15376044,663708
2022.06.23,17480489,756214
2022.06.24,10567949,457987
2022.06.25,14477821,627324
2022.06.26,13416320,580601
2022.06.27,10493693,453693
2022.06.28,7677260,332543
2022.06.29,12613911,544202
2022.06.30,7602259,326468
2022.07.01,12851111,551996
2022.07.02,11978923,514466
2022.07.03,18502475,797545
2022.07.04,9807448,422317
2022.07.05,7737559,333060
2022.07.06,7665329,329912
2022.07.07,12948714,558137
2022.07.08,12553249,542207
2022.07.09,16754507,722546
2022.07.10,16606849,714781
2022.07.11,19710236,846024
2022.07.12,20240356,867211
2022.07.13,19447923,831142
2022.07.14,15144169,639938
2022.07.15,14196248,606580
2022.07.16,14066063,602425
2022.07.17,12932555,555017
2022.07.18,10945926,469917
2022.07.19,10757718,462066
2022.07.20,7691184,330296
2022.07.21,15983013,682949
2022.07.22,8755748,373831
2022.07.23,11586310,493653
2022.07.24,30506474,1303264
2022.07.25,30384659,1302836
2022.07.26,23678558,1014301
2022.07.27,29628351,1269037
2022.07.28,27722075,1188036
2022.07.29,13983567,599118
2022.07.30,6732537,288511
2022.07.31,13879716,595694
2022.08.01,29833044,1277442
2022.08.02,15204543,651285
2022.08.03,28758881,1227860
2022.08.04,33952925,1447382
2022.08.05,38288928,1631576
2022.08.06,27835905,1184682
2022.08.07,20337267,869978
2022.08.08,17015285,728653
2022.08.09,19802983,847403
2022.08.10,19682968,842575
2022.08.11,12970664,555270
2022.08.12,7549987,324406
2022.08.13,6655479,282576
2022.08.14,4723974,201075
2022.08.15,6881634,297605
2022.08.16,7858208,338487
2022.08.17,8786066,380249
2022.08.18,6578630,284047
2022.08.19,5941137,256305
2022.08.20,348331,14770
2022.08.21,4652492,200093
2022.08.22,1166,48
2022.08.23,2152257,92118
2022.08.24,6546819,281043
2022.08.25,12491469,538833
2022.08.26,12180118,523287
2022.08.27,8665031,374744
2022.08.28,7408777,317365
2022.08.29,15228782,655068
2022.08.30,18948307,817131
2022.08.31,18280673,788040
2022.09.01,14342641,608097
2022.09.02,15886312,675283
2022.09.03,13316691,556781
2022.09.04,11973410,512588
2022.09.05,13175666,570951
2022.09.06,10476019,453189
2022.09.07,20820147,883875
2022.09.08,21369652,902432
2022.09.09,22842806,969791
2022.09.10,9481697,406061
2022.09.11,21072106,900217
2022.09.12,32295371,1365366
2022.09.13,41475872,1749613
2022.09.14,33945208,1429373
2022.09.15,16291697,682182
2022.09.16,22856990,957026
2022.09.17,17599156,739891
2022.09.18,18505525,778375
2022.09.19,8014501,338534
2022.09.20,16942019,713196
2022.09.21,10620113,445824
2022.09.22,20954060,881008
2022.09.23,20603474,865246
2022.09.24,18334275,770141
2022.09.25,13500210,570429
2022.09.26,4443210,187875
2022.09.27,4513878,189525
2022.09.28,18261264,771574
2022.09.29,28188999,1193940
2022.09.30,19400553,821799
2022.10.01,29551136,1249663
2022.10.02,30767214,1296247
2022.10.03,40680399,1713421
2022.10.04,28309293,1191189
2022.10.05,27829069,1170433
2022.10.06,22646441,948493
2022.10.07,19055006,798032
2022.10.08,12691037,534776
2022.10.09,4960120,209570
2022.10.10,6895097,291422
2022.10.11,13758587,580842
2022.10.12,20956093,883763
2022.10.13,34545296,1456540
2022.10.14,26911499,1133558
2022.10.15,18124211,763118
2022.10.16,21335068,898038
2022.10.17,16145751,674213
2022.10.18,15869776,657941
2022.10.19,21741072,899429
2022.10.20,18660861,770247
2022.10.21,15557604,641846
2022.10.22,15242257,629384
2022.10.23,21444781,898405
2022.10.24,21915891,951806
2022.10.25,16902007,705633
2022.10.26,25351187,1058835
2022.10.27,24960721,1035979
2022.10.28,18593593,768800
2022.10.29,6126521,254093
2022.10.30,25597112,1055338
2022.10.31,12481088,514157
2022.11.01,7075586,291591
2022.11.02,7787127,321916
2022.11.03,7300898,302511
2022.11.04,9635019,398357
2022.11.05,9707275,401480
2022.11.06,11518521,477192
2022.11.07,10135106,418407
2022.11.08,10591037,438047
2022.11.09,10622434,441437
2022.11.10,11537944,480779
2022.11.11,13646603,567212
2022.11.12,17805524,739176
2022.11.13,13284540,551773
2022.11.14,14198255,586872
2022.11.15,11611782,480951
2022.11.16,10950685,453637
2022.11.17,11170998,463306
2022.11.18,8027670,333729
2022.11.19,16852372,698066
2022.11.20,16471353,678561
2022.11.21,12707171,523555
2022.11.22,11464606,471229
2022.11.23,18041214,735211
2022.11.24,18437993,746437
2022.11.25,16320596,660390
2022.11.26,19578792,788062
2022.11.27,26691235,1071901
2022.11.28,20572741,826867
2022.11.29,18928318,762157
2022.11.30,20231016,812033
2022.12.01,24872038,996963
2022.12.02,28355684,1139008
2022.12.03,25767359,1032354
2022.12.04,32626399,1294014
2022.12.05,26455100,1050181
2022.12.06,23307864,922555
2022.12.07,17646295,699616
2022.12.08,19309809,763139
2022.12.09,14403388,570784
2022.12.10,12494052,496477
2022.12.11,13516736,533236
2022.12.12,4948497,194717
2022.12.13,12266540,483196
2022.12.14,14585223,577023
2022.12.15,21281429,842238
2022.12.16,14616056,579714
2022.12.17,11975310,474465
2022.12.18,11430478,453701
2022.12.19,7254680,290900
2022.12.20,16402276,637076
2022.12.21,17931617,693417
2022.12.22,13979370,542856
2022.12.23,12675910,490975
2022.12.24,10745218,416305
2022.12.25,5679543,220873
2022.12.26,8078398,314332
2022.12.27,12439487,483708
2022.12.28,16132348,626153
2022.12.29,13615389,530670
2022.12.30,18245872,710163
2022.12.31,29607781,1150080
2023.01.01,28239541,1096383
2023.01.02,31054718,1207245
2023.01.03,19830618,774536
2023.01.04,16009941,628649
2023.01.05,13319887,525031
2023.01.06,12784903,501653
2023.01.07,16025784,628224
2023.01.08,15671323,611931
2023.01.09,17115713,670068
2023.01.10,7059603,281348
2023.01.11,18997939,747009
2023.01.12,18243827,718656
2023.01.13,19315897,759581
2023.01.14,17822716,700043
2023.01.15,17988792,707418
2023.01.16,15075952,596335
2023.01.17,18895962,743620
2023.01.18,21947557,865369
2023.01.19,27098623,1066194
2023.01.20,26735071,1054495
2023.01.21,25602729,1010538
2023.01.22,24329391,961055
2023.01.23,24509381,967586
2023.01.24,24970953,982185
2023.01.25,21627504,851573
2023.01.26,22381637,874537
2023.01.27,21095804,822025
2023.01.28,21976355,853327
2023.01.29,29372910,1139124
2023.01.30,32541590,1263474
2023.01.31,32478035,1264678
2023.02.01,30518752,1192240
2023.02.02,33387991,1306368
2023.02.03,33119419,1295306
2023.02.04,17968720,707613
2023.02.05,23632575,934335
2023.02.06,20847512,823626
2023.02.07,24194963,960556
2023.02.08,22938176,910743
2023.02.09,26960363,1069255
2023.02.10,30234724,1202338
2023.02.11,21685325,861986
2023.02.12,4467875,177823
2023.02.13,1648,64
2023.02.14,8333220,332486
2023.02.15,14953220,599920
2023.02.16,21842148,876755
2023.02.17,26019152,1041944
2023.02.18,18285667,731846
2023.02.19,18624858,745272
2023.02.20,21658574,864687
2023.02.21,26265137,1047563
2023.02.22,33859162,1350671
2023.02.23,15511991,620096
2023.02.24,25462221,1015748
2023.02.25,24022825,986766
2023.02.26,22474744,931457
2023.02.27,24980782,1034810
2023.02.28,12742369,526131
2023.03.01,13427517,559027
2023.03.02,16862267,698798
2023.03.03,20394177,836477
2023.03.04,19855632,813274
2023.03.05,27937382,1151798
2023.03.06,28531245,1178775
2023.03.07,27090341,1113006
2023.03.08,35407520,1455067
2023.03.09,32814437,1349138
2023.03.10,36431210,1498789
2023.03.11,35667420,1463909
2023.03.12,34560437,1415709
2023.03.13,33066058,1356638
2023.03.14,40044690,1657336
2023.03.15,27881297,1161416
2023.03.16,25047193,1041256
2023.03.17,32597186,1369579
2023.03.18,22381188,935277
2023.03.19,25341996,1058066
2023.03.20,19680325,819342
2023.03.21,9777530,397991
2023.03.22,10222399,429504
2023.03.23,15908538,670579
2023.03.24,25598943,1072932
2023.03.25,19586985,820027
2023.03.26,24988002,1047194
2023.03.27,22927096,961762
2023.03.28,23923729,1006963
2023.03.29,30363338,1278240
2023.03.30,21724107,914486
2023.03.31,23428377,980231
2023.04.01,23087556,965820
2023.04.02,30387980,1268122
2023.04.03,35991123,1511019
2023.04.04,37454685,1575628
2023.04.05,26845770,1127859
2023.04.06,12828878,540490
2023.04.07,12145924,509572
2023.04.08,49821814,2053811
2023.04.09,27180634,1122269
2023.04.10,33250709,1373508
2023.04.11,30241942,1254916
2023.04.12,30309337,1256661
2023.04.13,25727583,1069303
2023.04.14,24874231,1031266
2023.04.15,56384851,2309885
2023.04.16,22290342,917617
2023.04.17,10354056,424690
2023.04.18,6300842,255528
2023.04.19,22012955,902500
2023.04.20,27695711,1143283
2023.04.21,24298798,999434
2023.04.22,24355137,1000209
2023.04.23,22386945,919484
2023.04.24,16256428,665817
2023.04.25,6173008,253602
2023.04.26,21818598,889307
2023.04.27,8179801,335666
2023.04.29,1161,48
2023.04.30,3330487,136992
2023.05.01,15149704,619684
2023.05.02,26350592,1082210
2023.05.03,16903320,695031
2023.05.04,36863926,1502694
2023.05.05,37967634,1544853
2023.05.06,21333842,869701
2023.05.07,22284723,907803
2023.05.08,27304265,1115870
2023.05.09,21804110,891933
2023.05.10,19208415,785824
2023.05.11,13928056,568017
2023.05.12,14953828,606043
2023.05.13,6716526,267212
2023.05.14,14925300,590313
2023.05.15,14104146,571424
2023.05.16,22284570,909641
2023.05.17,27110562,1094086
2023.05.18,22135003,881261
2023.05.19,34566687,1413582
2023.05.20,14896203,617206
2023.05.21,17631496,716707
2023.05.22,37001730,1481054
2023.05.23,44189912,1757183
2023.05.24,29581310,1175668
2023.05.25,11085145,444668
2023.05.26,21701148,857151
2023.05.27,33542520,1325171
2023.05.28,23957349,940023
2023.05.29,10203595,398303
2023.05.30,22640488,881335
2023.05.31,17535563,688039
2023.06.01,13838986,556435
2023.06.02,13997868,566648
2023.06.03,23615141,954703
2023.06.04,11711965,478659
2023.06.05,16779351,690674
2023.06.06,24874342,1023615
2023.06.07,35176825,1437541
2023.06.08,32719716,1339364
2023.06.09,24035805,986990
2023.06.10,26843027,1096871
2023.06.11,24189309,988003
2023.06.12,14957826,613081
2023.06.13,19665757,795352
2023.06.14,23899457,973708
2023.06.15,29454305,1201982
2023.06.16,35607720,1453580
2023.06.17,37290694,1519696
2023.06.18,20548139,838867
2023.06.19,35915058,1456153
2023.06.20,28492199,1139918
2023.06.21,33552717,1349514
2023.06.22,21266869,864336
2023.06.23,12188563,494143
2023.06.24,5840788,235604
2023.06.25,14106813,563824
2023.06.26,25025294,998769
2023.06.27,21967961,885289
2023.06.28,34671771,1398785
2023.06.29,29315798,1189667
2023.06.30,36212034,1473390
2023.07.01,28107656,1149293
2023.07.02,21840662,890625
2023.07.03,16203451,665951
2023.07.04,21755523,906334
2023.07.05,16515119,689507
2023.07.06,20104473,844464
2023.07.07,22662714,953223
2023.07.08,27743152,1168230
2023.07.09,25424586,1072047
2023.07.10,19266521,815257
2023.07.11,17963250,764031
2023.07.12,25139323,1103593
2023.07.13,36521839,1634567
2023.07.14,33204740,1456424
2023.07.15,32760881,1427985
2023.07.16,26923151,1166446
2023.07.17,27415985,1174541
2023.07.18,28041840,1203751
2023.07.19,22628085,966206
2023.07.20,16643630,717203
2023.07.21,17606886,751060
2023.07.22,8037395,341400
2023.07.31,1086636,41912
2023.08.01,6742374,276606
2023.08.02,10341058,429772
2023.08.03,9190758,379987
2023.08.04,13199877,559003
2023.08.05,35476054,1515088
2023.08.06,27296945,1165059
2023.08.07,21237181,909917
2023.08.08,16580470,709655
2023.08.09,25126769,1076054
2023.08.10,22225111,944555
2023.08.11,28848337,1231299
2023.08.12,39116373,1679813
2023.08.13,26051876,1131131
2023.08.14,12502687,542451
2023.08.15,27623802,1192710
2023.08.16,34626096,1490486
2023.08.17,30010419,1294988
2023.08.18,42067159,1801340
2023.08.19,44830560,1911652
2023.08.20,31579546,1349538
2023.08.21,28907890,1242534
2023.08.22,15247408,658178
2023.08.23,23237921,995862
2023.08.24,33265401,1425854
2023.08.25,16357499,700851
2023.08.26,15367660,658913
2023.08.27,15351829,659399
2023.08.28,18863490,812184
2023.08.29,20046740,862931
2023.08.30,10725722,460954
2023.08.31,29743021,1272356
2023.09.01,27609667,1183737
2023.09.02,29893441,1262645
2023.09.03,13354330,544987
2023.09.04,12376658,515696
2023.09.05,20409218,863848
2023.09.06,27166812,1150212
2023.09.07,14599996,608361
2023.09.08,7295921,294407
2023.09.09,11861601,490163
2023.09.10,31280773,1315081
2023.09.11,25672332,1078575
2023.09.12,15148534,641093
2023.09.13,18452470,774937
2023.09.14,14670742,616038
2023.09.15,8353661,351379
2023.09.16,8995307,377926
2023.09.17,25932102,1079183
2023.09.18,32361888,1372244
2023.09.19,20247554,848600
2023.09.20,27800919,1166987
2023.09.21,39353904,1655432
2023.09.22,40689071,1713910
2023.09.23,24739010,1044209
2023.09.24,36224945,1529043
2023.09.25,32945759,1388996
2023.09.26,32339936,1352200
2023.09.27,37254204,1563712
2023.09.28,49101503,2073098
2023.09.29,45033033,1900483
2023.09.30,30101693,1273706
2023.10.01,29088744,1232369
2023.10.02,32919334,1397042
2023.10.03,31031546,1315955
2023.10.04,25396845,1074374
2023.10.05,28381667,1197154
2023.10.06,35672173,1511734
2023.10.07,36006762,1514360
2023.10.08,35294311,1482508
2023.10.09,32538145,1370722
2023.10.10,29967902,1269663
2023.10.11,39906886,1691155
2023.10.12,40465565,1711488
2023.10.13,37540148,1593288
2023.10.14,29813132,1265462
2023.10.15,21288812,904311
2023.10.16,20662536,875824
2023.10.17,39684584,1677617
2023.10.18,41982317,1774080
2023.10.19,54145262,2287403
2023.10.20,51697567,2184484
2023.10.21,45339349,1916391
2023.10.22,33512025,1416884
2023.10.23,29992342,1265559
2023.10.24,22427276,955368
2023.10.25,24724166,1044950
2023.10.26,20542355,865055
2023.10.27,30133352,1267546
2023.10.28,22169857,936302
2023.10.29,21996723,929290
2023.10.30,22203660,940899
2023.10.31,26005785,1105568
2023.11.01,24413822,1037739
2023.11.02,24792378,1055260
2023.11.03,24337278,1031830
2023.11.04,18040682,768828
2023.11.05,19342274,814411
2023.11.06,21484675,912612
2023.11.07,14211226,607574
2023.11.08,23899986,1008528
2023.11.09,27441506,1154563
2023.11.10,28917625,1211950
2023.11.11,30795761,1292644
2023.11.12,21312447,895852
2023.11.13,16160526,672512
2023.11.14,27685246,1150450
2023.11.15,23909780,993045
2023.11.16,23759931,1001448
2023.11.17,19971593,845831
2023.11.18,18833894,789232
2023.11.19,20940713,880400
2023.11.20,20149886,847142
2023.11.21,26023341,1108457
2023.11.22,15918308,676301
2023.11.23,11823203,498434
2023.11.24,13341465,564233
2023.11.25,14828041,626092
2023.11.26,21916405,923665
2023.11.27,23263835,985036
2023.11.28,28261282,1220529
2023.11.29,24409023,1056335
2023.11.30,32248616,1388124
2023.12.01,26506493,1142625
2023.12.02,26949685,1161423
2023.12.03,22612574,971898
2023.12.04,19176633,825287
2023.12.05,24298671,1039658
2023.12.06,14469036,614575
2023.12.07,17312386,720551
2023.12.08,15752082,663824
2023.12.09,22415135,947482
2023.12.10,16716551,700220
2023.12.11,20377451,835845
2023.12.12,23718512,974193
2023.12.13,18245432,751348
2023.12.14,11540261,469996
2023.12.15,12093071,493358
2023.12.16,28464233,1149589
2023.12.17,28751427,1173505
2023.12.18,24360519,995834
2023.12.19,24747465,1021300
2023.12.20,18597636,762080
2023.12.21,12986194,527817
2023.12.22,22117631,901835
2023.12.23,10140541,421416
2023.12.24,20095637,837260
2023.12.25,21886469,912701
2023.12.26,31130072,1290001
2023.12.27,29999320,1242651
2023.12.28,29548880,1226870
2023.12.29,23156386,963557
2023.12.30,32684608,1355638
2023.12.31,27266444,1145426
2024.01.01,16333533,697958
2024.01.02,15061783,652640
2024.01.03,20916964,903730
2024.01.04,19806934,854230
2024.01.05,24760695,1048823
2024.01.06,26696635,1125895
2024.01.07,23997282,1016584
2024.01.08,20670584,859281
2024.01.09,28471649,1183373
2024.01.10,11383883,474833
2024.01.11,18984659,793924
2024.01.12,9205968,382718
2024.01.13,6611960,272186
2024.01.14,10762223,455096
2024.01.15,22256279,950328
2024.01.16,20435034,878191
2024.01.17,17849967,768699
2024.01.18,15406289,655649
2024.01.19,16646427,710526
2024.01.20,13212362,573219
2024.01.21,15128814,653790
2024.01.22,11252993,484616
2024.01.23,12286235,541800
2024.01.24,17556342,772695
2024.01.25,14955210,647157
2024.01.26,25052970,1101758
2024.01.27,31493556,1381560
2024.01.28,14714861,639472
2024.01.29,18043832,784131
2024.01.30,18846532,825275
2024.01.31,20818707,934633
2024.02.01,14831278,659776
2024.02.02,16198647,722528
2024.02.03,9435903,418381
2024.02.04,15909247,673959
2024.02.05,22468905,940164
2024.02.06,22748193,950126
2024.02.07,18478644,774332
2024.02.08,24646164,1025903
2024.02.09,30059974,1259425
2024.02.10,30253161,1260287
2024.02.11,17464578,719777
2024.02.12,17901053,740658
2024.02.13,25948057,1088113
2024.02.14,31294332,1284952
2024.02.15,28432876,1152905
2024.02.16,26873958,1092199
2024.02.17,26639448,1098308
2024.02.18,24138534,1014563
2024.02.19,27036671,1141967
2024.02.20,27412386,1166912
2024.02.21,26933468,1149886
2024.02.22,18344365,790851
2024.02.23,25639350,1092334
2024.02.24,36183075,1549222
2024.02.25,10595756,449009
2024.02.26,20742578,882397
2024.02.27,20221815,855054
2024.02.28,27067705,1149998
2024.02.29,28042019,1198070
2024.03.01,20165486,864754
2024.03.02,17050927,731452
2024.03.03,15062875,645996
2024.03.04,19609484,837457
2024.03.05,17774964,748518
2024.03.06,29685273,1253533
2024.03.07,11132722,459206
2024.03.08,4492476,186252
2024.03.09,9762101,403972
2024.03.10,12597352,532514
2024.03.11,13147520,546319
2024.03.12,23289528,968782
2024.03.13,12017102,508912
2024.03.14,12396255,523370
2024.03.15,7828319,322301
2024.03.16,11660735,485630
2024.03.17,12300387,509314
2024.03.18,13061810,551276
2024.03.19,9801315,414895
2024.03.20,13625373,575648
2024.03.21,15058399,635285
2024.03.22,15500318,655836
2024.03.23,15633846,658022
2024.03.24,17188149,719517
2024.03.25,15546060,644853
2024.03.26,16418970,684792
2024.03.27,17408978,727197
2024.03.28,22561453,950179
2024.03.29,16753371,713369
2024.03.30,12249989,517834
2024.03.31,6224980,260720
2024.04.01,4278441,180942
2024.04.02,8809488,374529
2024.04.03,10206857,429261
2024.04.04,6957639,294466
2024.04.05,13041831,550590
2024.04.06,15115724,638284
2024.04.07,20954298,882582
2024.04.08,16875632,709367
2024.04.09,14656018,597126
2024.04.10,10957932,444434
2024.04.11,9471812,384885
2024.04.12,13632943,570765
2024.04.13,15733692,645328
2024.04.14,15711656,633739
2024.04.15,14105192,566456
2024.04.16,17707283,714492
2024.04.17,15546212,628789
2024.04.18,11200594,453828
2024.04.19,10414728,421270
2024.04.20,12121055,486591
2024.04.21,7468316,299499
2024.04.22,8817702,352755
2024.04.23,12513113,505112
2024.04.24,14752840,598592
2024.04.25,8904171,366693
2024.04.26,9985552,410207
2024.04.27,26755337,1098491
2024.04.28,185867081,7452532
2024.04.29,21380400,844419
2024.04.30,7171789,288564
2024.05.01,7174076,290966
2024.05.02,8906771,362191
2024.05.03,67356214,2696533
2024.05.04,268151671,10453955
2024.05.05,99665556,3948199
2024.05.06,10176689,435553
2024.05.07,14499701,617495
2024.05.08,101007871,4156711
2024.05.09,364982246,15121830
2024.05.10,12155083,527113
2024.05.11,18565976,801549
2024.05.12,225706424,9364467
2024.05.13,161474760,6611036
2024.05.14,154823463,6167253
2024.05.15,191555409,7481080
2024.05.16,87971558,3410534
2024.05.17,38837011,1531942
2024.05.18,220286959,8628506
2024.05.19,116703873,4608531
2024.05.20,232745220,9048287
2024.05.21,96949131,3794182
2024.05.22,61500982,2405479
2024.05.23,103410209,4057740
2024.05.24,55310873,2197301
2024.05.25,5281406,220968
2024.05.26,9382351,382217
2024.05.27,65490747,2640488
2024.05.28,136625708,5440883
2024.05.29,186239890,7561110
2024.05.30,266113934,10474748
2024.05.31,175164530,6900586
2024.06.01,248383758,9415954
2024.06.02,178908315,6893963
2024.06.03,84220641,3269156
2024.06.04,239902280,9295710
2024.06.05,156984730,5940187
2024.06.06,135919763,5262775
2024.06.07,4557808,179241
2024.06.08,3627935,142304
2024.06.09,10227379,408100
2024.06.10,10207873,400850
2024.06.11,7469906,295562
2024.06.12,6604201,262513
2024.06.13,3929282,157214
2024.06.14,2724525,109496
2024.06.15,6663597,267280
2024.06.16,10044570,399370
2024.06.17,8826429,349831
2024.06.18,6940896,276321
2024.06.19,4804129,192879
2024.06.20,7810609,309830
2024.06.21,11223792,445061
2024.06.22,13989268,555765
2024.06.23,10258138,408733
2024.06.24,11882977,472368
2024.06.25,11948856,473005
2024.06.26,14901248,586291
2024.06.27,17202484,677629
2024.06.28,16527294,653419
2024.06.29,14747087,583577
2024.06.30,173720159,6784875
2024.07.01,213857716,8194415
2024.07.02,70922835,2573477
2024.07.03,8282639,323491
2024.07.04,6039874,234679
2024.07.05,15961862,622764
2024.07.06,342418955,13193479
2024.07.07,156358357,5931914
2024.07.08,77337361,2896455
2024.07.09,12754871,496054
2024.07.10,9181055,361899
2024.07.11,39952188,1556016
2024.07.12,115901261,4339791
2024.07.13,266078469,10327418
2024.07.14,15403575,596234
2024.07.15,9421739,366071
2024.07.16,4879114,189093
2024.07.17,6753446,254942
2024.07.18,8525308,325023
2024.07.19,8362225,327871
2024.07.20,4312464,169391
2024.07.21,7152012,282068
2024.07.22,15185965,597451
2024.07.23,14751113,578980
2024.07.24,10012323,391688
2024.07.25,10457140,404864
2024.07.26,16059149,629520
2024.07.27,14219560,560521
2024.07.28,12855039,506106
2024.07.29,11095714,438854
2024.07.30,10565961,415568
2024.07.31,11634855,457492
2024.08.01,11089867,436248
2024.08.02,9998535,391815
2024.08.03,9216368,360767
2024.08.04,15000749,583736
2024.08.05,19431766,754732
2024.08.06,18885851,734642
2024.08.07,19258040,748992
2024.08.08,20460972,794331
2024.08.09,23821858,921525
2024.08.10,23527413,909474
2024.08.11,22265242,860207
2024.08.12,21573207,833190
2024.08.13,14890692,578716
2024.08.14,15878868,614371
2024.08.15,23242639,895182
2024.08.16,22476804,867960
2024.08.17,17350869,669825
2024.08.18,20663996,794578
2024.08.19,14757227,569321
2024.08.20,17258462,669798
2024.08.21,13233010,518779
2024.08.22,24115946,936125
2024.08.23,15134713,587499
2024.08.24,13672467,530241
2024.08.25,10980158,429312
2024.08.26,7776098,303785
2024.08.27,12366328,481397
2024.08.28,15668595,613435
2024.08.29,18737334,731642
2024.08.30,11172233,437379
2024.08.31,5528753,217742
2024.09.01,6119413,239365
2024.09.02,11123083,434248
2024.09.03,12449610,488750
2024.09.04,12067632,478014
2024.09.05,12302885,480326
2024.09.06,16038992,627230
2024.09.07,13226707,517386
2024.09.08,11150641,435084
2024.09.09,20739561,808726
2024.09.10,14056291,548990
2024.09.11,12613821,492481
2024.09.12,12808106,499447
2024.09.13,20144438,784618
2024.09.14,17964786,700178
2024.09.15,16749072,651601
2024.09.16,15055993,586471
2024.09.17,17618570,685887
2024.09.18,21184510,823549
2024.09.19,16368723,635407
2024.09.20,16155726,625032
2024.09.21,16676407,643980
2024.09.22,20115557,777128
2024.09.23,24429014,941711
2024.09.24,28824302,1113471
2024.09.25,29349978,1132822
2024.09.26,27620306,1067799
2024.09.27,25146897,975754
2024.09.28,23736186,921059
2024.09.29,21001134,817636
2024.09.30,25706312,1007392
2024.10.01,28378778,1118507
2024.10.02,25680773,1013882
2024.10.03,23286190,913974
2024.10.04,25334799,990125
2024.10.05,26653905,1042340
2024.10.06,27197154,1066895
2024.10.07,27106513,1060613
2024.10.08,26677283,1042639
2024.10.09,29225852,1136113
2024.10.10,25492939,993449
2024.10.11,18307391,719092
2024.10.12,15390689,607049
2024.10.13,14120286,559399
2024.10.14,9913853,390965
2024.10.15,7068230,279274
2024.10.16,11006451,435155
2024.10.17,3392003,133452
2024.10.18,2116877,83042
2024.10.19,4214668,165552
2024.10.20,4950724,194641
2024.10.21,4532746,178214
2024.10.22,3606889,142071
2024.10.23,4423225,174178
2024.10.24,7636820,301370
2024.10.25,5144343,202175
2024.10.26,6625755,257277
2024.10.27,8907180,343386
2024.10.28,8679751,335744
2024.10.29,12816094,492843
2024.10.30,18734606,731071
2024.10.31,25710198,1000439
2024.11.01,11583204,444857
2024.11.02,6116403,238348
2024.11.03,10386638,406064
2024.11.04,14000629,542908
2024.11.05,13476223,524253
2024.11.06,23438662,907413
2024.11.07,25768172,995329
2024.11.08,27608851,1064550
2024.11.09,19555992,753527
2024.11.10,14757360,567867
2024.11.11,12866157,492478
2024.11.12,12526894,481106
2024.11.13,17706874,681467
2024.11.14,9503160,357923
2024.11.15,15239834,561266
2024.11.16,17987294,670872
2024.11.17,18529703,680250
2024.11.18,13280659,491408
2024.11.19,18943430,700047
2024.11.20,25110894,927451
2024.11.21,22509367,832595
2024.11.22,20851926,771852
2024.11.23,20623886,765210
2024.11.24,19646250,730484
2024.11.25,14368121,537308
2024.11.26,19535546,733809
2024.11.27,23316282,876220
2024.11.28,14399043,543725
2024.11.29,10130099,382161
2024.11.30,14067264,532282
2024.12.01,11942968,452302
2024.12.02,12975211,491231
2024.12.03,10057227,380153
2024.12.04,6043129,227871
2024.12.05,6527036,246597
2024.12.06,10361804,391641
2024.12.07,12348294,464458
2024.12.08,14381309,537521
2024.12.09,6941575,261429
2024.12.10,5658584,211655
2024.12.11,12043626,446818
2024.12.12,13132700,488475
2024.12.13,15588408,582993
2024.12.14,14595202,551984
2024.12.15,8585957,325529
2024.12.16,14678831,554445
2024.12.17,14351364,539417
2024.12.18,9942354,375333
2024.12.19,9081352,350649
2024.12.20,18547912,705452
2024.12.21,20767385,784187
2024.12.22,17264169,653716
2024.12.23,19171588,723599
2024.12.24,10832718,412540
2024.12.25,5751293,219452
2024.12.26,8615186,329052
2024.12.27,8447804,323422
2024.12.28,15534537,591686
2024.12.29,7962077,304264
2024.12.30,5681522,216062
2024.12.31,9561258,363642
2025.01.01,17838631,680308
2025.01.02,11391081,434668
2025.01.03,5394865,206173
2025.01.04,7013015,267522
2025.01.05,8614695,328432
2025.01.06,8344486,318128
2025.01.07,6742011,257626
2025.01.08,10217024,389274
2025.01.09,10169071,389178
2025.01.10,9608788,367144
2025.01.11,100640341,3942404
2025.01.12,162454513,6177498
2025.01.13,6281312,250452
2025.01.14,5183052,208747
2025.01.15,11828039,481200
2025.01.16,12730459,523722
2025.01.17,79631197,3351216
2025.01.18,243946736,10126826
2025.01.19,150296025,6259101
2025.01.20,9797031,379928
2025.01.21,5611719,207084
2025.01.22,18167641,707608
2025.01.23,12850926,529060
2025.01.24,16240068,671402
2025.01.25,114979269,4708312
2025.01.26,68801170,2845854
2025.01.27,3569736,140954
2025.01.28,2747120,107414
2025.01.29,21947243,913410
2025.01.30,67264195,2809090
2025.01.31,124077429,5242406
2025.02.01,139603344,5907462
2025.02.02,239666074,10353720
2025.02.03,10253263,437212
2025.02.04,52048869,2293508
2025.02.05,71654234,3112991
2025.02.06,19617700,841224
2025.02.07,31278069,1341772
2025.02.08,28577513,1237460
2025.02.09,88734504,3803617
2025.02.10,5673212,240190
2025.02.11,50418069,2185292
2025.02.12,7091414,303078
2025.02.13,10465973,446190
2025.02.14,10439691,441920
2025.02.15,23111587,982542
2025.02.16,36667285,1562544
2025.02.17,10616350,442252
2025.02.18,13922289,580180
2025.02.19,17067063,712454
2025.02.20,17034486,710962
2025.02.21,16173299,675402
2025.02.22,18260266,761240
2025.02.23,19874176,814918
2025.02.24,12437970,503462
2025.02.25,43138754,1720376
2025.02.26,64906169,2562812
2025.02.27,5135652,202228
2025.02.28,6351249,246150
2025.03.01,33163825,1277872
2025.03.02,40806084,1565110
2025.03.03,9043054,341319
2025.03.04,8504482,321908
2025.03.05,7276566,275482
2025.03.06,4672777,174686
2025.03.07,7455114,281346
2025.03.08,6641770,250294
2025.03.09,5777113,217894
2025.03.10,7178461,271530
2025.03.11,9487157,361316
2025.03.12,12692920,485196
2025.03.13,25729254,956454
2025.03.14,9284506,336418
2025.03.15,20901357,766184
2025.03.16,33716165,1247844
2025.03.17,9420301,341658
2025.03.18,6507028,240844
2025.03.19,5455737,203290
2025.03.20,3668771,129832
2025.03.21,6665589,250050
2025.03.22,6227983,238226
2025.03.23,6887048,264448
2025.03.24,5680567,219416
2025.03.25,6486629,250374
2025.03.26,9276740,359180
2025.03.27,11122074,431164
2025.03.28,12324277,477658
2025.03.29,9744422,377062
2025.03.30,9034033,350678
2025.03.31,14834032,576050
2025.04.01,12801564,496580
2025.04.02,12702255,492804
2025.04.03,15661538,606302
2025.04.04,21608710,835735
2025.04.05,19304947,746761
2025.04.06,16376509,629692
2025.04.07,13938104,531962
2025.04.08,15056182,575106
2025.04.09,11560508,440266
2025.04.10,8365315,314332
2025.04.11,8752161,323872
2025.04.12,13788276,522800
2025.04.13,12260923,472432
2025.04.14,10837288,414874
2025.04.15,12687280,483666
2025.04.16,14630049,564196
2025.04.17,16281048,629002
2025.04.18,13435402,518816
2025.04.19,10747821,410804
2025.04.20,323601235,12377336
2025.04.21,124450937,4814282
2025.04.22,11502026,449230
2025.04.23,11104958,432756
2025.04.24,10607540,413140
2025.04.25,10667069,414884
2025.04.26,245643940,9502596
2025.04.27,130050415,4869594
2025.04.28,59949976,2377606
2025.04.29,6653477,263710
2025.04.30,9924039,393456
2025.05.01,13272320,526794
2025.05.02,13867857,550566
2025.05.03,13850410,550484
2025.05.04,11472217,455325
2025.05.05,10012191,396962
2025.05.06,10767243,427100
2025.05.07,13756468,545142
2025.05.08,13605426,538880
2025.05.09,13395470,529512
2025.05.10,9956148,395138
2025.05.11,10582745,416714
2025.05.12,17485238,675420
2025.05.13,20375735,785374
2025.05.14,9395573,372424
2025.05.15,8508332,337932
2025.05.16,8621955,343804
2025.05.17,25176424,1007486
2025.05.18,224823118,9136244
2025.05.19,51141799,2106502
2025.05.20,4235732,174656
2025.05.21,7994779,328744
2025.05.22,11961063,491284
2025.05.23,17516258,720038
2025.05.24,7234148,296986
2025.05.25,110409980,4455836
2025.05.26,9523834,392628
2025.05.27,11683944,478578
2025.05.28,16543730,681254
2025.05.29,16300393,669970
2025.05.30,13610710,554416
2025.05.31,65816689,2689450
2025.06.01,32878118,1352644
2025.06.02,5821708,240032
2025.06.03,4771352,193814
2025.06.04,7352108,302630
2025.06.05,9964029,412386
2025.06.06,9980332,412820
2025.06.07,13728247,571534
2025.06.08,12453907,520286
2025.06.09,13712741,574358
2025.06.10,13929254,582522
2025.06.11,8844189,369782
2025.06.12,7685524,320738
2025.06.13,7369968,308090
2025.06.14,8066016,336840
2025.06.15,9146649,381718
2025.06.16,7204398,300332
2025.06.17,8572792,356570
2025.06.18,9996109,415782
2025.06.19,7581105,314687
2025.06.20,8193949,340786
2025.06.21,7269909,301590
2025.06.22,7636846,317208
2025.06.23,9009489,374952
2025.06.24,9245928,385256
2025.06.25,9425540,392798
2025.06.26,8999505,374990
2025.06.27,7741592,323060
2025.06.28,7775051,324360
2025.06.29,8013076,333322
2025.06.30,7739071,322549
2025.07.01,8107989,336830
2025.07.02,7326744,303998
2025.07.03,5075195,210310
2025.07.04,4109149,170984
2025.07.05,4158564,172526
2025.07.06,5068936,210342
2025.07.07,5190697,215624
2025.07.08,5445135,225286
2025.07.09,5377071,222392
2025.07.10,5383007,223172
2025.07.11,5244873,217974
2025.07.12,6705344,278964
2025.07.13,6363446,267364
2025.07.14,6203723,264182
2025.07.15,5777344,240250
2025.07.16,5531719,229518
2025.07.17,5563913,231026
2025.07.18,5069760,210710
2025.07.19,4027825,167106
2025.07.20,4682047,194438
2025.07.21,5590148,231976
2025.07.22,6029726,250448
2025.07.23,6260626,260662
2025.07.24,6056376,250964
2025.07.25,6124824,253488
2025.07.26,6316787,260082
2025.07.27,176171274,7377360
2025.07.28,35575669,1517654
2025.07.29,39291163,1712782
2025.07.30,4973429,216416
2025.07.31,9664625,420534
2025.08.01,74293467,3259136
2025.08.02,33077489,1448622
2025.08.03,54945757,2390779
2025.08.04,6109608,260996
2025.08.05,5857415,248442
2025.08.06,4649497,195986
2025.08.07,5655569,238998
2025.08.08,15248799,630930
2025.08.09,71889809,3018386
2025.08.10,68056620,2968964
2025.08.11,52730032,2311220
2025.08.12,8537577,373530
2025.08.13,8764258,383002
2025.08.14,10072720,440226
2025.08.15,21577282,945406
2025.08.16,19434415,850652
2025.08.17,58136518,2481230
2025.08.18,33848850,1416064
2025.08.19,6720769,281588
2025.08.20,5492442,229568
2025.08.21,6395944,267469
2025.08.22,32979206,1383454
2025.08.23,57591275,2399382
2025.08.24,110620344,4619968
2025.08.25,28565493,1219560
2025.08.26,8423164,359166
2025.08.27,10418567,443984
2025.08.28,8122570,342880
2025.08.29,7067450,297961
2025.08.30,7992837,337988
2025.08.31,35986912,1526410
2025.09.01,14662822,621298
2025.09.02,7745830,325385
2025.09.03,6043713,251536
2025.09.04,6301746,262241
2025.09.05,6498286,273648
2025.09.06,7995081,341618
2025.09.07,5857494,250436
2025.09.08,7193559,309982
2025.09.09,9217790,399110
2025.09.10,119665999,5158086
2025.09.11,143550538,6154806
2025.09.12,4191400,181014
2025.09.13,7308348,315070
2025.09.14,7137384,307110
2025.09.15,6683206,287692
2025.09.16,4199643,180384
2025.09.17,4636468,198956
2025.09.18,9299028,398206
2025.09.19,9862127,421986
2025.09.20,7280339,311076
2025.09.21,6851663,292750
2025.09.22,7701775,328720
2025.09.23,9536142,407490
2025.09.24,10237047,437302
2025.09.25,11365776,486434
2025.09.26,11848728,507312
2025.09.27,13567896,581709
2025.09.28,11304046,482436
2025.09.29,9752674,413534
2025.09.30,8617976,363962
2025.10.01,7051282,298252
2025.10.02,6472254,275330
2025.10.03,8683962,367664
2025.10.04,10611823,448988
2025.10.05,9443576,399702
2025.10.06,6687435,283730
2025.10.07,8338461,354964
2025.10.08,9165308,392738
2025.10.09,8410507,361068
2025.10.10,8560176,368762
2025.10.11,8904654,383370
2025.10.12,8319976,358654
2025.10.13,7147777,308006
2025.10.14,6568904,282616
2025.10.15,5999823,256622
2025.10.16,5436744,231044
2025.10.17,4916154,209572
2025.10.18,6247000,267378
2025.10.19,7659660,329706
2025.10.20,5052711,218332
2025.10.21,2833508,122092
2025.10.22,2560388,109182
2025.10.23,4059894,174770
2025.10.24,4843828,208746
2025.10.25,5972420,256916
2025.10.26,7312829,308980
2025.10.27,6228691,260520
2025.10.28,7578175,326342
2025.10.29,7974299,348530
2025.10.30,7986330,350060
2025.10.31,9578424,419202
2025.11.01,8096958,345976
2025.11.02,7406160,314722
2025.11.03,7805303,332748
2025.11.04,7484826,319774
2025.11.05,6386826,271302
2025.11.06,5294589,224762
2025.11.07,7453233,320548
2025.11.08,12870962,558608
2025.11.09,13725280,593640
2025.11.10,9115066,394664
2025.11.11,6875218,297266
2025.11.12,3938181,165464
2025.11.13,3521228,144198
2025.11.14,4435242,191080
2025.11.15,9210315,401428
2025.11.16,10881373,475128
2025.11.17,9839282,430660
2025.11.18,9022628,394958
2025.11.19,10060934,439622
2025.11.20,7512315,325274
2025.11.21,15174068,660753
2025.11.22,80613294,3455558
2025.11.23,16278706,707606
2025.11.24,15428680,669210
2025.11.25,14959112,653396
2025.11.26,13953800,606916
2025.11.27,14328166,618012
2025.11.28,12127864,521800
2025.11.29,16192105,705100
2025.11.30,12448789,538608
2025.12.01,10755570,460400
2025.12.02,9048010,386548
2025.12.03,6542871,281868
2025.12.04,7860959,343334
2025.12.05,5594275,243432
2025.12.06,9500634,413584
2025.12.07,13771032,599608
2025.12.08,12710824,553704
2025.12.09,10354299,449055
2025.12.10,8437557,364552
2025.12.11,7366397,319772
2025.12.12,5639192,245138
2025.12.13,7318063,318156
2025.12.14,7059680,307144
2025.12.15,8618462,375112
2025.12.16,16450278,716314
2025.12.17,11408573,497536
2025.12.18,9360982,406772
2025.12.19,14118027,614218
2025.12.20,14500629,631368
2025.12.21,13798108,600154
2025.12.22,17319187,752480
2025.12.23,23229159,1002569
2025.12.24,15440800,664947
2025.12.25,9547668,413112
2025.12.26,12839877,564010
2025.12.27,19069255,840285
2025.12.28,14141668,623596
2025.12.29,7927447,350060
2025.12.30,8700976,381836
2025.12.31,13006749,561370
2026.01.01,18322047,783585
2026.01.02,11995812,508757
2026.01.03,10433239,446398
2026.01.04,9857026,423782
2026.01.05,8233587,352580
2026.01.06,6597217,282308
2026.01.07,12505036,530002
2026.01.08,8474243,363098
2026.01.09,10576305,454150
2026.01.10,48602,2058
